age,workclass,fnlwgt,education,education-num,marital-status,occupation,relationship,race,sex,capital-gain,capital-loss,hours-per-week,native-country
48.0,5.0,183486.0,8.0,11.0,0.0,9.0,4.0,4.0,0.0,0.0,0.0,56.0,38.0
30.0,2.0,89735.0,8.0,11.0,2.0,9.0,0.0,4.0,1.0,0.0,0.0,40.0,38.0
37.0,2.0,186934.0,9.0,13.0,2.0,9.0,2.0,4.0,1.0,0.0,0.0,40.0,38.0
45.0,2.0,97842.0,15.0,10.0,2.0,6.0,0.0,4.0,1.0,0.0,0.0,65.0,38.0
40.0,4.0,170866.0,7.0,12.0,2.0,4.0,0.0,4.0,1.0,0.0,0.0,50.0,38.0
47.0,3.0,139268.0,5.0,4.0,2.0,9.0,0.0,4.0,1.0,0.0,0.0,45.0,38.0
38.0,2.0,186145.0,15.0,10.0,2.0,11.0,5.0,4.0,0.0,0.0,0.0,40.0,38.0
66.0,3.0,220543.0,11.0,9.0,2.0,0.0,5.0,4.0,0.0,0.0,0.0,40.0,38.0
34.0,2.0,73161.0,11.0,9.0,2.0,11.0,0.0,4.0,1.0,0.0,0.0,40.0,38.0
59.0,2.0,67841.0,11.0,9.0,2.0,5.0,0.0,4.0,1.0,0.0,0.0,40.0,38.0
41.0,2.0,328013.0,12.0,14.0,4.0,9.0,1.0,2.0,1.0,0.0,0.0,65.0,38.0
39.0,2.0,108140.0,11.0,9.0,2.0,11.0,0.0,4.0,1.0,0.0,0.0,40.0,38.0
58.0,2.0,100303.0,2.0,8.0,2.0,2.0,0.0,4.0,1.0,0.0,0.0,40.0,38.0
46.0,2.0,28497.0,15.0,10.0,2.0,11.0,0.0,4.0,1.0,0.0,0.0,8.0,38.0
38.0,4.0,140583.0,12.0,14.0,2.0,4.0,0.0,4.0,1.0,0.0,0.0,70.0,38.0
32.0,2.0,231263.0,15.0,10.0,2.0,13.0,0.0,4.0,1.0,0.0,0.0,60.0,38.0
59.0,1.0,105866.0,9.0,13.0,2.0,10.0,0.0,2.0,1.0,0.0,0.0,30.0,38.0
57.0,2.0,257046.0,11.0,9.0,2.0,2.0,0.0,4.0,1.0,0.0,0.0,40.0,38.0
41.0,2.0,51506.0,11.0,9.0,2.0,3.0,0.0,4.0,1.0,0.0,0.0,40.0,38.0
45.0,2.0,178215.0,6.0,5.0,2.0,6.0,5.0,4.0,0.0,0.0,0.0,40.0,38.0
47.0,4.0,28035.0,15.0,10.0,2.0,4.0,0.0,4.0,1.0,0.0,0.0,86.0,38.0
27.0,2.0,423250.0,15.0,10.0,2.0,3.0,0.0,4.0,1.0,0.0,0.0,60.0,38.0
37.0,4.0,191342.0,11.0,9.0,2.0,2.0,0.0,1.0,1.0,0.0,0.0,60.0,29.0
47.0,2.0,33865.0,15.0,10.0,0.0,3.0,1.0,4.0,0.0,0.0,0.0,48.0,38.0
42.0,2.0,335846.0,9.0,13.0,4.0,3.0,4.0,4.0,0.0,0.0,0.0,50.0,38.0
27.0,2.0,133696.0,15.0,10.0,2.0,9.0,0.0,4.0,1.0,0.0,0.0,88.0,38.0
33.0,2.0,30612.0,15.0,10.0,2.0,11.0,0.0,4.0,1.0,0.0,0.0,40.0,38.0
52.0,2.0,95329.0,9.0,13.0,2.0,6.0,0.0,4.0,1.0,0.0,0.0,40.0,18.0
51.0,2.0,178241.0,11.0,9.0,2.0,6.0,0.0,2.0,1.0,0.0,0.0,40.0,38.0
46.0,2.0,185041.0,11.0,9.0,2.0,6.0,0.0,4.0,1.0,0.0,0.0,50.0,38.0
34.0,4.0,201292.0,8.0,11.0,2.0,4.0,0.0,4.0,1.0,0.0,0.0,50.0,38.0
34.0,2.0,161444.0,11.0,9.0,2.0,9.0,0.0,4.0,1.0,0.0,0.0,39.0,38.0
51.0,4.0,30012.0,15.0,10.0,2.0,11.0,0.0,4.0,1.0,0.0,0.0,50.0,38.0
32.0,2.0,119176.0,11.0,9.0,2.0,0.0,5.0,4.0,0.0,0.0,0.0,44.0,38.0
43.0,0.0,262233.0,9.0,13.0,0.0,3.0,1.0,4.0,1.0,0.0,0.0,40.0,38.0
48.0,2.0,102585.0,12.0,14.0,0.0,3.0,4.0,4.0,0.0,0.0,0.0,40.0,38.0
55.0,5.0,199713.0,9.0,13.0,2.0,9.0,0.0,4.0,1.0,0.0,0.0,15.0,38.0
35.0,4.0,189878.0,12.0,14.0,2.0,11.0,0.0,4.0,1.0,0.0,0.0,40.0,38.0
33.0,2.0,111363.0,9.0,13.0,2.0,2.0,0.0,4.0,1.0,0.0,0.0,45.0,38.0
25.0,2.0,234665.0,8.0,11.0,2.0,2.0,0.0,4.0,1.0,0.0,0.0,45.0,38.0
40.0,2.0,223881.0,15.0,10.0,0.0,12.0,1.0,4.0,1.0,0.0,0.0,50.0,38.0
45.0,4.0,160724.0,9.0,13.0,2.0,3.0,0.0,1.0,1.0,0.0,0.0,45.0,2.0
37.0,2.0,104359.0,15.0,10.0,2.0,5.0,0.0,4.0,1.0,0.0,0.0,40.0,38.0
48.0,2.0,118023.0,14.0,15.0,0.0,11.0,1.0,4.0,1.0,0.0,0.0,13.0,38.0
36.0,4.0,140676.0,9.0,13.0,4.0,11.0,1.0,4.0,1.0,0.0,0.0,50.0,38.0
38.0,2.0,129591.0,15.0,10.0,2.0,2.0,0.0,4.0,1.0,0.0,0.0,40.0,38.0
45.0,2.0,295046.0,11.0,9.0,2.0,11.0,0.0,4.0,1.0,0.0,0.0,60.0,38.0
47.0,2.0,97419.0,11.0,9.0,2.0,10.0,5.0,2.0,0.0,0.0,0.0,40.0,38.0
37.0,0.0,160910.0,11.0,9.0,2.0,2.0,0.0,4.0,1.0,0.0,0.0,40.0,38.0
50.0,2.0,155574.0,7.0,12.0,2.0,13.0,0.0,4.0,1.0,0.0,0.0,55.0,38.0
68.0,4.0,35468.0,12.0,14.0,2.0,9.0,0.0,4.0,1.0,0.0,0.0,24.0,38.0
48.0,5.0,122066.0,11.0,9.0,2.0,0.0,0.0,4.0,1.0,0.0,0.0,35.0,38.0
58.0,2.0,570562.0,11.0,9.0,6.0,11.0,1.0,4.0,1.0,0.0,0.0,38.0,38.0
33.0,1.0,29144.0,8.0,11.0,2.0,2.0,0.0,4.0,1.0,0.0,0.0,40.0,38.0
54.0,2.0,168621.0,11.0,9.0,2.0,2.0,0.0,4.0,1.0,0.0,0.0,40.0,38.0
47.0,2.0,199277.0,11.0,9.0,2.0,6.0,0.0,4.0,1.0,0.0,0.0,50.0,31.0
27.0,3.0,153546.0,8.0,11.0,2.0,7.0,5.0,4.0,0.0,0.0,0.0,36.0,38.0
40.0,3.0,275366.0,11.0,9.0,2.0,11.0,0.0,4.0,1.0,0.0,0.0,50.0,38.0
53.0,2.0,251675.0,11.0,9.0,2.0,2.0,0.0,4.0,1.0,0.0,0.0,40.0,7.0
35.0,2.0,167062.0,11.0,9.0,2.0,0.0,0.0,4.0,1.0,0.0,0.0,40.0,38.0
51.0,5.0,68684.0,5.0,4.0,2.0,13.0,0.0,4.0,1.0,0.0,0.0,40.0,38.0
43.0,2.0,163434.0,11.0,9.0,2.0,2.0,0.0,4.0,1.0,0.0,0.0,40.0,38.0
48.0,2.0,283737.0,12.0,14.0,0.0,3.0,1.0,4.0,1.0,0.0,0.0,40.0,38.0
36.0,2.0,192939.0,11.0,9.0,2.0,11.0,0.0,4.0,1.0,0.0,0.0,60.0,38.0
65.0,2.0,115890.0,9.0,13.0,2.0,13.0,0.0,4.0,1.0,0.0,0.0,20.0,38.0
34.0,4.0,111985.0,11.0,9.0,2.0,2.0,0.0,4.0,1.0,0.0,0.0,50.0,38.0
51.0,4.0,204322.0,11.0,9.0,2.0,13.0,0.0,4.0,1.0,0.0,0.0,50.0,38.0
46.0,2.0,228372.0,9.0,13.0,0.0,11.0,4.0,4.0,1.0,0.0,0.0,40.0,38.0
33.0,2.0,285131.0,11.0,9.0,2.0,2.0,0.0,4.0,1.0,0.0,0.0,40.0,38.0
54.0,2.0,91882.0,11.0,9.0,2.0,2.0,0.0,4.0,1.0,0.0,0.0,43.0,38.0
38.0,2.0,80303.0,15.0,10.0,2.0,11.0,0.0,4.0,1.0,0.0,0.0,60.0,38.0
48.0,1.0,81154.0,8.0,11.0,4.0,10.0,4.0,4.0,1.0,0.0,0.0,48.0,38.0
39.0,4.0,163204.0,11.0,9.0,2.0,11.0,0.0,4.0,1.0,0.0,0.0,40.0,38.0
29.0,2.0,183111.0,8.0,11.0,2.0,6.0,0.0,4.0,1.0,0.0,0.0,40.0,38.0
50.0,2.0,94885.0,9.0,13.0,0.0,9.0,1.0,4.0,1.0,0.0,0.0,45.0,38.0
34.0,4.0,209768.0,11.0,9.0,2.0,3.0,0.0,4.0,1.0,0.0,0.0,40.0,38.0
47.0,2.0,278900.0,11.0,9.0,2.0,2.0,0.0,4.0,1.0,0.0,0.0,40.0,38.0
37.0,2.0,193855.0,11.0,9.0,2.0,13.0,0.0,4.0,1.0,0.0,0.0,45.0,38.0
43.0,2.0,245056.0,11.0,9.0,2.0,0.0,0.0,2.0,1.0,0.0,0.0,40.0,38.0
38.0,2.0,698363.0,11.0,9.0,2.0,2.0,0.0,4.0,1.0,0.0,0.0,40.0,38.0
36.0,1.0,254202.0,14.0,15.0,0.0,9.0,4.0,4.0,0.0,0.0,0.0,24.0,10.0
71.0,4.0,157845.0,9.0,13.0,2.0,11.0,0.0,4.0,1.0,0.0,0.0,20.0,38.0
54.0,4.0,33863.0,11.0,9.0,2.0,4.0,0.0,4.0,1.0,0.0,0.0,60.0,38.0
47.0,1.0,358668.0,9.0,13.0,0.0,9.0,1.0,4.0,1.0,0.0,0.0,48.0,38.0
45.0,2.0,140644.0,11.0,9.0,2.0,11.0,0.0,4.0,1.0,0.0,0.0,50.0,38.0
49.0,2.0,250821.0,14.0,15.0,4.0,4.0,2.0,4.0,1.0,0.0,0.0,48.0,38.0
37.0,2.0,192939.0,11.0,9.0,2.0,13.0,0.0,4.0,1.0,0.0,0.0,40.0,38.0
49.0,4.0,308241.0,11.0,9.0,2.0,11.0,5.0,4.0,0.0,0.0,0.0,60.0,38.0
41.0,1.0,160785.0,11.0,9.0,2.0,2.0,0.0,4.0,1.0,0.0,0.0,40.0,38.0
47.0,2.0,142719.0,11.0,9.0,2.0,6.0,0.0,4.0,1.0,0.0,0.0,40.0,38.0
44.0,2.0,209093.0,9.0,13.0,4.0,9.0,1.0,4.0,1.0,0.0,0.0,40.0,38.0
41.0,2.0,121012.0,1.0,7.0,2.0,2.0,0.0,4.0,1.0,0.0,0.0,50.0,38.0
65.0,2.0,180280.0,15.0,10.0,2.0,3.0,5.0,4.0,0.0,0.0,0.0,40.0,38.0
44.0,2.0,193494.0,15.0,10.0,2.0,13.0,0.0,4.0,1.0,0.0,0.0,72.0,38.0
47.0,2.0,122026.0,8.0,11.0,0.0,11.0,1.0,4.0,1.0,0.0,0.0,50.0,38.0
62.0,2.0,134768.0,11.0,9.0,2.0,13.0,0.0,4.0,1.0,0.0,0.0,40.0,38.0
53.0,2.0,324568.0,1.0,7.0,2.0,2.0,0.0,4.0,1.0,0.0,0.0,45.0,38.0
54.0,2.0,98436.0,12.0,14.0,2.0,7.0,0.0,4.0,1.0,0.0,0.0,40.0,38.0
36.0,2.0,104772.0,11.0,9.0,2.0,2.0,0.0,4.0,1.0,0.0,0.0,40.0,38.0
33.0,2.0,152109.0,7.0,12.0,2.0,2.0,0.0,4.0,1.0,0.0,0.0,45.0,38.0
42.0,2.0,345363.0,11.0,9.0,0.0,3.0,1.0,4.0,0.0,0.0,0.0,40.0,8.0
38.0,2.0,259846.0,11.0,9.0,2.0,2.0,0.0,4.0,1.0,0.0,0.0,60.0,38.0
18.0,2.0,79077.0,2.0,8.0,4.0,5.0,3.0,4.0,1.0,0.0,0.0,22.0,38.0
23.0,2.0,274797.0,11.0,9.0,4.0,5.0,3.0,4.0,1.0,0.0,0.0,25.0,38.0
19.0,2.0,533147.0,11.0,9.0,4.0,0.0,1.0,4.0,1.0,0.0,0.0,30.0,38.0
64.0,2.0,170645.0,4.0,3.0,2.0,6.0,0.0,4.0,1.0,2105.0,0.0,40.0,38.0
19.0,2.0,218956.0,15.0,10.0,4.0,12.0,3.0,4.0,1.0,0.0,0.0,20.0,38.0
23.0,5.0,186634.0,9.0,13.0,4.0,0.0,1.0,4.0,1.0,0.0,0.0,16.0,38.0
23.0,2.0,200967.0,11.0,9.0,0.0,7.0,3.0,4.0,0.0,0.0,0.0,10.0,38.0
21.0,2.0,83033.0,15.0,10.0,4.0,7.0,1.0,4.0,0.0,0.0,0.0,25.0,10.0
25.0,2.0,96862.0,11.0,9.0,4.0,0.0,3.0,4.0,0.0,2174.0,0.0,40.0,38.0
22.0,2.0,110677.0,15.0,10.0,5.0,7.0,3.0,4.0,0.0,0.0,0.0,40.0,38.0
24.0,2.0,23438.0,8.0,11.0,4.0,0.0,1.0,4.0,1.0,0.0,0.0,30.0,38.0
25.0,2.0,174592.0,11.0,9.0,4.0,7.0,3.0,4.0,0.0,0.0,0.0,25.0,38.0
31.0,2.0,874728.0,11.0,9.0,4.0,0.0,2.0,2.0,1.0,0.0,0.0,40.0,38.0
27.0,2.0,184078.0,8.0,11.0,0.0,0.0,4.0,4.0,0.0,0.0,0.0,40.0,38.0
19.0,2.0,400195.0,11.0,9.0,4.0,7.0,3.0,4.0,1.0,0.0,0.0,20.0,38.0
17.0,2.0,25690.0,0.0,6.0,4.0,7.0,3.0,4.0,0.0,0.0,0.0,10.0,38.0
21.0,2.0,131811.0,11.0,9.0,2.0,5.0,0.0,4.0,1.0,0.0,0.0,40.0,38.0
58.0,4.0,127539.0,0.0,6.0,2.0,2.0,0.0,4.0,1.0,2407.0,0.0,25.0,38.0
46.0,2.0,27669.0,11.0,9.0,4.0,7.0,1.0,4.0,0.0,0.0,0.0,28.0,38.0
23.0,2.0,347873.0,7.0,12.0,4.0,9.0,1.0,1.0,0.0,0.0,0.0,30.0,39.0
22.0,2.0,244773.0,11.0,9.0,4.0,11.0,3.0,2.0,0.0,0.0,0.0,15.0,38.0
18.0,2.0,86150.0,11.0,9.0,4.0,3.0,3.0,1.0,0.0,0.0,0.0,15.0,38.0
21.0,2.0,246207.0,15.0,10.0,4.0,0.0,3.0,2.0,0.0,0.0,0.0,20.0,38.0
30.0,2.0,248588.0,2.0,8.0,0.0,7.0,1.0,4.0,0.0,0.0,0.0,40.0,38.0
20.0,2.0,391679.0,11.0,9.0,4.0,11.0,2.0,4.0,1.0,0.0,0.0,60.0,38.0
17.0,2.0,168203.0,5.0,4.0,4.0,4.0,2.0,3.0,1.0,0.0,0.0,40.0,25.0
50.0,2.0,141608.0,11.0,9.0,5.0,7.0,4.0,4.0,0.0,0.0,0.0,45.0,38.0
30.0,2.0,235109.0,8.0,11.0,0.0,0.0,4.0,4.0,0.0,0.0,0.0,40.0,38.0
31.0,2.0,177596.0,15.0,10.0,4.0,0.0,1.0,4.0,0.0,0.0,0.0,40.0,32.0
48.0,2.0,300168.0,2.0,8.0,5.0,0.0,3.0,2.0,0.0,0.0,0.0,40.0,38.0
19.0,2.0,73461.0,11.0,9.0,4.0,12.0,1.0,2.0,1.0,0.0,0.0,40.0,38.0
37.0,2.0,259882.0,8.0,11.0,4.0,11.0,4.0,2.0,0.0,0.0,0.0,6.0,38.0
20.0,2.0,38455.0,0.0,6.0,4.0,7.0,1.0,4.0,1.0,0.0,0.0,40.0,38.0
19.0,2.0,249787.0,11.0,9.0,4.0,7.0,2.0,2.0,1.0,0.0,0.0,40.0,38.0
56.0,2.0,170411.0,11.0,9.0,0.0,10.0,3.0,4.0,1.0,4101.0,0.0,38.0,38.0
44.0,2.0,111891.0,15.0,10.0,5.0,11.0,2.0,2.0,0.0,0.0,0.0,35.0,38.0
21.0,2.0,197387.0,11.0,9.0,4.0,5.0,3.0,4.0,1.0,0.0,0.0,20.0,38.0
24.0,2.0,291979.0,11.0,9.0,4.0,4.0,1.0,4.0,1.0,0.0,0.0,40.0,38.0
18.0,2.0,36882.0,2.0,8.0,4.0,11.0,3.0,4.0,0.0,0.0,0.0,20.0,38.0
21.0,2.0,137895.0,15.0,10.0,4.0,5.0,3.0,4.0,1.0,0.0,0.0,40.0,38.0
27.0,2.0,155382.0,15.0,10.0,4.0,7.0,1.0,4.0,0.0,0.0,0.0,25.0,38.0
19.0,2.0,163015.0,15.0,10.0,4.0,11.0,3.0,4.0,0.0,0.0,0.0,20.0,38.0
23.0,5.0,199915.0,11.0,9.0,4.0,7.0,3.0,4.0,0.0,0.0,0.0,21.0,38.0
26.0,2.0,78258.0,8.0,11.0,0.0,9.0,4.0,4.0,0.0,0.0,0.0,36.0,38.0
33.0,2.0,104509.0,15.0,10.0,0.0,0.0,4.0,4.0,0.0,0.0,0.0,40.0,38.0
25.0,2.0,132327.0,15.0,10.0,5.0,0.0,2.0,3.0,0.0,0.0,0.0,40.0,6.0
52.0,2.0,207025.0,11.0,9.0,0.0,8.0,4.0,2.0,0.0,0.0,0.0,24.0,38.0
19.0,2.0,153019.0,11.0,9.0,4.0,3.0,3.0,4.0,1.0,0.0,0.0,40.0,38.0
24.0,2.0,402778.0,6.0,5.0,4.0,5.0,3.0,4.0,1.0,0.0,0.0,12.0,38.0
23.0,2.0,137994.0,15.0,10.0,4.0,6.0,3.0,2.0,0.0,0.0,0.0,40.0,38.0
38.0,2.0,216385.0,11.0,9.0,2.0,6.0,0.0,2.0,1.0,0.0,1740.0,40.0,13.0
66.0,2.0,30740.0,11.0,9.0,4.0,12.0,1.0,4.0,0.0,0.0,0.0,15.0,38.0
19.0,5.0,282721.0,15.0,10.0,4.0,7.0,1.0,2.0,1.0,0.0,0.0,12.0,38.0
22.0,2.0,100188.0,15.0,10.0,4.0,9.0,3.0,4.0,0.0,0.0,0.0,20.0,38.0
26.0,2.0,38257.0,11.0,9.0,4.0,7.0,4.0,4.0,0.0,0.0,0.0,20.0,38.0
27.0,2.0,220748.0,11.0,9.0,4.0,5.0,2.0,2.0,1.0,0.0,0.0,48.0,38.0
59.0,2.0,170148.0,15.0,10.0,0.0,7.0,4.0,4.0,0.0,0.0,0.0,32.0,38.0
18.0,2.0,244571.0,1.0,7.0,4.0,0.0,3.0,4.0,0.0,0.0,0.0,10.0,38.0
24.0,2.0,216469.0,11.0,9.0,2.0,6.0,0.0,4.0,1.0,0.0,1579.0,50.0,38.0
19.0,2.0,175081.0,6.0,5.0,4.0,2.0,2.0,4.0,1.0,0.0,0.0,60.0,38.0
26.0,2.0,190040.0,9.0,13.0,4.0,0.0,3.0,4.0,0.0,0.0,0.0,40.0,38.0
17.0,2.0,231438.0,1.0,7.0,4.0,0.0,3.0,4.0,0.0,0.0,0.0,12.0,38.0
28.0,1.0,179759.0,15.0,10.0,3.0,0.0,4.0,4.0,0.0,0.0,0.0,40.0,38.0
31.0,2.0,32550.0,0.0,6.0,0.0,5.0,1.0,4.0,1.0,0.0,0.0,40.0,38.0
26.0,2.0,102476.0,11.0,9.0,4.0,2.0,3.0,4.0,1.0,0.0,0.0,40.0,38.0
27.0,1.0,132718.0,11.0,9.0,4.0,13.0,3.0,2.0,1.0,0.0,0.0,40.0,38.0
30.0,0.0,547931.0,15.0,10.0,4.0,0.0,4.0,2.0,0.0,0.0,0.0,40.0,38.0
33.0,5.0,295589.0,15.0,10.0,5.0,0.0,3.0,2.0,1.0,0.0,0.0,35.0,38.0
23.0,2.0,414545.0,15.0,10.0,4.0,6.0,3.0,2.0,1.0,0.0,0.0,40.0,38.0
21.0,2.0,272237.0,15.0,10.0,4.0,7.0,3.0,4.0,1.0,0.0,0.0,35.0,38.0
33.0,0.0,373043.0,11.0,9.0,4.0,13.0,1.0,2.0,1.0,0.0,0.0,34.0,10.0
36.0,2.0,297847.0,11.0,9.0,4.0,7.0,1.0,2.0,0.0,0.0,2001.0,40.0,38.0
17.0,2.0,48610.0,1.0,7.0,4.0,4.0,3.0,4.0,1.0,0.0,0.0,45.0,38.0
19.0,2.0,232392.0,11.0,9.0,4.0,7.0,2.0,4.0,0.0,0.0,0.0,40.0,38.0
28.0,2.0,144521.0,11.0,9.0,4.0,7.0,3.0,2.0,0.0,0.0,0.0,40.0,38.0
27.0,2.0,132686.0,2.0,8.0,4.0,6.0,3.0,4.0,1.0,0.0,0.0,50.0,38.0
19.0,2.0,162954.0,2.0,8.0,4.0,7.0,3.0,4.0,0.0,0.0,0.0,20.0,38.0
21.0,2.0,177420.0,15.0,10.0,4.0,0.0,1.0,3.0,0.0,0.0,0.0,40.0,38.0
23.0,2.0,399022.0,11.0,9.0,4.0,7.0,3.0,4.0,1.0,0.0,0.0,35.0,38.0
19.0,2.0,224241.0,15.0,10.0,4.0,11.0,3.0,4.0,0.0,0.0,0.0,20.0,38.0
23.0,2.0,227943.0,7.0,12.0,4.0,11.0,3.0,4.0,1.0,0.0,0.0,30.0,38.0
24.0,2.0,100961.0,11.0,9.0,4.0,7.0,1.0,4.0,0.0,0.0,0.0,40.0,38.0
21.0,2.0,164177.0,11.0,9.0,2.0,2.0,0.0,4.0,1.0,0.0,0.0,40.0,38.0
31.0,2.0,19302.0,7.0,12.0,4.0,0.0,1.0,4.0,1.0,2202.0,0.0,38.0,38.0
41.0,2.0,283116.0,11.0,9.0,0.0,2.0,4.0,4.0,0.0,1506.0,0.0,50.0,38.0
21.0,2.0,345253.0,15.0,10.0,4.0,0.0,1.0,3.0,1.0,2174.0,0.0,40.0,38.0
26.0,2.0,129661.0,9.0,13.0,4.0,0.0,1.0,1.0,0.0,0.0,0.0,40.0,38.0
29.0,2.0,535740.0,11.0,9.0,4.0,2.0,4.0,2.0,1.0,0.0,0.0,40.0,38.0
18.0,2.0,110142.0,11.0,9.0,4.0,11.0,3.0,4.0,0.0,0.0,0.0,40.0,38.0
37.0,2.0,97925.0,11.0,9.0,0.0,0.0,1.0,4.0,0.0,0.0,0.0,40.0,38.0
27.0,2.0,187981.0,11.0,9.0,4.0,5.0,3.0,4.0,1.0,0.0,0.0,40.0,38.0
20.0,2.0,260199.0,11.0,9.0,4.0,0.0,3.0,4.0,0.0,0.0,0.0,10.0,38.0
21.0,2.0,105577.0,15.0,10.0,4.0,7.0,3.0,4.0,0.0,0.0,0.0,30.0,38.0
27.0,2.0,174645.0,11.0,9.0,4.0,0.0,3.0,4.0,0.0,0.0,0.0,40.0,38.0
26.0,2.0,332008.0,15.0,10.0,4.0,2.0,4.0,1.0,1.0,0.0,0.0,37.0,35.0
21.0,2.0,94826.0,4.0,3.0,4.0,2.0,3.0,4.0,1.0,0.0,0.0,40.0,12.0
78.0,2.0,454321.0,3.0,2.0,6.0,5.0,2.0,4.0,1.0,0.0,0.0,20.0,26.0
23.0,2.0,167692.0,15.0,10.0,4.0,0.0,3.0,4.0,0.0,0.0,0.0,20.0,38.0
18.0,2.0,303240.0,11.0,9.0,4.0,11.0,3.0,4.0,0.0,0.0,0.0,20.0,38.0
23.0,2.0,345734.0,15.0,10.0,4.0,7.0,3.0,4.0,1.0,0.0,0.0,40.0,38.0
33.0,2.0,388741.0,15.0,10.0,4.0,0.0,4.0,3.0,0.0,0.0,0.0,38.0,38.0
35.0,1.0,199674.0,11.0,9.0,4.0,7.0,4.0,2.0,0.0,0.0,0.0,40.0,38.0
23.0,2.0,122048.0,11.0,9.0,4.0,6.0,2.0,4.0,0.0,0.0,0.0,40.0,38.0
38.0,4.0,217054.0,15.0,10.0,0.0,4.0,1.0,4.0,1.0,0.0,0.0,40.0,38.0
28.0,2.0,120475.0,11.0,9.0,4.0,2.0,1.0,4.0,1.0,0.0,0.0,35.0,38.0
27.0,2.0,146719.0,11.0,9.0,0.0,11.0,3.0,4.0,0.0,0.0,0.0,35.0,38.0
26.0,4.0,201579.0,4.0,3.0,4.0,9.0,4.0,4.0,1.0,0.0,0.0,14.0,25.0
25.0,2.0,499233.0,11.0,9.0,0.0,0.0,1.0,4.0,1.0,0.0,0.0,40.0,38.0
19.0,2.0,286002.0,15.0,10.0,4.0,0.0,2.0,4.0,1.0,0.0,0.0,30.0,26.0
25.0,2.0,207875.0,15.0,10.0,4.0,4.0,3.0,4.0,1.0,0.0,0.0,20.0,38.0
47.0,2.0,219054.0,11.0,9.0,0.0,7.0,4.0,2.0,0.0,0.0,0.0,40.0,38.0
55.0,2.0,147653.0,11.0,9.0,4.0,7.0,1.0,4.0,0.0,0.0,0.0,24.0,38.0
29.0,2.0,164711.0,15.0,10.0,4.0,5.0,2.0,4.0,1.0,0.0,0.0,40.0,38.0
27.0,2.0,221912.0,11.0,9.0,4.0,5.0,3.0,4.0,1.0,0.0,0.0,40.0,38.0
23.0,2.0,215624.0,15.0,10.0,4.0,6.0,4.0,1.0,1.0,0.0,0.0,40.0,39.0
18.0,2.0,240183.0,11.0,9.0,4.0,7.0,3.0,4.0,0.0,0.0,0.0,20.0,38.0
48.0,2.0,94461.0,11.0,9.0,6.0,6.0,1.0,4.0,0.0,0.0,0.0,16.0,38.0
26.0,0.0,207537.0,11.0,9.0,4.0,0.0,1.0,2.0,0.0,0.0,0.0,40.0,38.0
19.0,2.0,118549.0,11.0,9.0,4.0,0.0,3.0,4.0,0.0,0.0,0.0,15.0,38.0
22.0,2.0,137862.0,15.0,10.0,4.0,0.0,2.0,4.0,0.0,0.0,0.0,16.0,38.0
38.0,2.0,33046.0,8.0,11.0,0.0,7.0,4.0,4.0,0.0,0.0,0.0,36.0,38.0
22.0,2.0,151888.0,11.0,9.0,4.0,7.0,3.0,4.0,1.0,0.0,0.0,40.0,38.0
22.0,2.0,252355.0,11.0,9.0,4.0,7.0,1.0,4.0,1.0,0.0,0.0,27.0,38.0
67.0,4.0,141085.0,11.0,9.0,0.0,9.0,1.0,4.0,0.0,0.0,0.0,20.0,38.0
36.0,2.0,114765.0,0.0,6.0,4.0,7.0,4.0,4.0,0.0,0.0,0.0,35.0,38.0
37.0,1.0,269300.0,15.0,10.0,3.0,0.0,4.0,2.0,0.0,0.0,0.0,27.0,38.0
36.0,2.0,163380.0,0.0,6.0,4.0,5.0,3.0,4.0,1.0,0.0,0.0,40.0,38.0
23.0,2.0,236696.0,7.0,12.0,4.0,2.0,3.0,4.0,1.0,0.0,0.0,20.0,19.0
23.0,2.0,437161.0,15.0,10.0,4.0,7.0,4.0,2.0,0.0,0.0,0.0,40.0,38.0
75.0,2.0,100301.0,0.0,6.0,6.0,7.0,1.0,4.0,0.0,0.0,0.0,15.0,38.0
25.0,2.0,259300.0,9.0,13.0,4.0,11.0,1.0,4.0,0.0,0.0,0.0,16.0,38.0
32.0,2.0,292592.0,11.0,9.0,4.0,7.0,3.0,4.0,0.0,0.0,0.0,35.0,38.0
19.0,2.0,177839.0,11.0,9.0,4.0,7.0,3.0,4.0,0.0,0.0,0.0,15.0,38.0
27.0,2.0,137645.0,9.0,13.0,4.0,11.0,1.0,2.0,0.0,0.0,1590.0,40.0,38.0
38.0,2.0,34996.0,15.0,10.0,5.0,7.0,4.0,4.0,0.0,0.0,0.0,40.0,38.0
20.0,4.0,105997.0,15.0,10.0,4.0,11.0,1.0,4.0,0.0,0.0,0.0,25.0,38.0
18.0,4.0,87169.0,11.0,9.0,4.0,4.0,3.0,1.0,1.0,0.0,0.0,40.0,38.0
42.0,2.0,318947.0,11.0,9.0,0.0,6.0,1.0,4.0,0.0,0.0,0.0,40.0,38.0
19.0,2.0,263338.0,11.0,9.0,4.0,5.0,3.0,4.0,1.0,0.0,0.0,20.0,38.0
31.0,2.0,117526.0,15.0,10.0,4.0,4.0,1.0,4.0,0.0,0.0,0.0,45.0,38.0
23.0,2.0,119051.0,9.0,13.0,4.0,3.0,1.0,4.0,1.0,0.0,0.0,40.0,32.0
28.0,2.0,183639.0,9.0,13.0,4.0,0.0,1.0,4.0,1.0,0.0,0.0,21.0,38.0
19.0,2.0,63918.0,15.0,10.0,4.0,0.0,1.0,4.0,1.0,0.0,0.0,40.0,38.0
43.0,2.0,138184.0,11.0,9.0,0.0,7.0,1.0,2.0,0.0,0.0,1762.0,35.0,38.0
50.0,2.0,154728.0,15.0,10.0,2.0,12.0,0.0,4.0,1.0,0.0,0.0,40.0,38.0
50.0,6.0,123004.0,11.0,9.0,2.0,6.0,3.0,4.0,0.0,0.0,1887.0,40.0,38.0
38.0,2.0,208358.0,8.0,11.0,2.0,11.0,0.0,4.0,1.0,0.0,0.0,40.0,38.0
54.0,4.0,236157.0,12.0,14.0,2.0,11.0,0.0,4.0,1.0,0.0,0.0,40.0,38.0
57.0,0.0,370890.0,11.0,9.0,4.0,0.0,1.0,4.0,1.0,0.0,2258.0,40.0,38.0
51.0,4.0,176240.0,7.0,12.0,2.0,11.0,0.0,4.0,1.0,0.0,0.0,40.0,38.0
36.0,2.0,290560.0,15.0,10.0,2.0,3.0,0.0,4.0,1.0,0.0,0.0,45.0,38.0
41.0,2.0,304175.0,9.0,13.0,2.0,9.0,0.0,4.0,1.0,0.0,0.0,55.0,38.0
40.0,2.0,153372.0,15.0,10.0,2.0,11.0,0.0,4.0,1.0,0.0,0.0,50.0,38.0
56.0,2.0,133876.0,9.0,13.0,2.0,9.0,0.0,4.0,1.0,0.0,0.0,40.0,38.0
41.0,2.0,286970.0,9.0,13.0,2.0,0.0,0.0,4.0,1.0,0.0,0.0,40.0,38.0
36.0,4.0,52870.0,9.0,13.0,2.0,3.0,0.0,4.0,1.0,4386.0,0.0,50.0,38.0
44.0,1.0,241851.0,8.0,11.0,2.0,13.0,0.0,4.0,1.0,4386.0,0.0,40.0,38.0
65.0,2.0,185455.0,15.0,10.0,2.0,12.0,0.0,4.0,1.0,0.0,0.0,40.0,38.0
51.0,2.0,93690.0,11.0,9.0,2.0,3.0,0.0,4.0,1.0,0.0,0.0,40.0,38.0
29.0,5.0,160731.0,12.0,14.0,2.0,12.0,0.0,4.0,1.0,0.0,0.0,50.0,10.0
57.0,2.0,36990.0,11.0,9.0,2.0,2.0,0.0,2.0,1.0,0.0,0.0,52.0,38.0
54.0,2.0,391016.0,9.0,13.0,2.0,11.0,0.0,4.0,1.0,0.0,0.0,40.0,38.0
36.0,0.0,72338.0,9.0,13.0,2.0,9.0,0.0,1.0,1.0,0.0,0.0,40.0,38.0
28.0,2.0,190067.0,9.0,13.0,4.0,9.0,3.0,4.0,0.0,0.0,1564.0,40.0,38.0
48.0,0.0,277946.0,15.0,10.0,2.0,2.0,0.0,4.0,1.0,0.0,0.0,40.0,38.0
47.0,1.0,140644.0,15.0,10.0,2.0,10.0,0.0,4.0,1.0,0.0,0.0,40.0,38.0
42.0,4.0,29962.0,9.0,13.0,2.0,11.0,0.0,4.0,1.0,0.0,0.0,48.0,38.0
45.0,1.0,192793.0,15.0,10.0,2.0,10.0,0.0,4.0,1.0,0.0,0.0,40.0,38.0
40.0,2.0,200574.0,7.0,12.0,2.0,12.0,0.0,4.0,1.0,0.0,0.0,44.0,38.0
32.0,2.0,157287.0,9.0,13.0,2.0,11.0,0.0,4.0,1.0,0.0,0.0,40.0,38.0
34.0,2.0,185216.0,9.0,13.0,2.0,9.0,0.0,4.0,1.0,0.0,0.0,40.0,38.0
41.0,2.0,143069.0,10.0,16.0,2.0,9.0,0.0,4.0,1.0,0.0,0.0,60.0,38.0
38.0,2.0,198170.0,8.0,11.0,2.0,11.0,0.0,4.0,1.0,0.0,0.0,40.0,38.0
48.0,2.0,130812.0,11.0,9.0,2.0,3.0,5.0,4.0,0.0,0.0,0.0,40.0,38.0
50.0,2.0,197826.0,12.0,14.0,2.0,12.0,0.0,4.0,1.0,0.0,0.0,40.0,38.0
32.0,2.0,208180.0,8.0,11.0,2.0,12.0,5.0,4.0,0.0,0.0,0.0,24.0,38.0
43.0,4.0,241055.0,12.0,14.0,2.0,11.0,0.0,4.0,1.0,0.0,0.0,45.0,38.0
41.0,2.0,425049.0,11.0,9.0,2.0,13.0,0.0,4.0,1.0,0.0,0.0,50.0,38.0
39.0,3.0,172538.0,11.0,9.0,2.0,3.0,0.0,4.0,1.0,0.0,0.0,60.0,38.0
50.0,0.0,184007.0,15.0,10.0,2.0,0.0,0.0,4.0,1.0,0.0,0.0,40.0,38.0
49.0,2.0,185385.0,12.0,14.0,2.0,9.0,0.0,4.0,1.0,0.0,0.0,50.0,38.0
29.0,2.0,108253.0,9.0,13.0,2.0,9.0,5.0,3.0,0.0,0.0,0.0,40.0,38.0
35.0,2.0,185325.0,9.0,13.0,2.0,9.0,0.0,4.0,1.0,0.0,0.0,50.0,38.0
48.0,2.0,156926.0,9.0,13.0,2.0,11.0,0.0,4.0,1.0,0.0,0.0,45.0,38.0
69.0,5.0,203072.0,10.0,16.0,2.0,9.0,0.0,4.0,1.0,0.0,0.0,50.0,38.0
53.0,2.0,95519.0,11.0,9.0,2.0,9.0,0.0,4.0,1.0,0.0,0.0,42.0,38.0
49.0,3.0,38819.0,9.0,13.0,2.0,11.0,0.0,4.0,1.0,0.0,0.0,50.0,38.0
28.0,3.0,142443.0,9.0,13.0,2.0,3.0,0.0,4.0,1.0,0.0,0.0,50.0,38.0
50.0,2.0,118058.0,15.0,10.0,2.0,13.0,0.0,4.0,1.0,0.0,0.0,50.0,38.0
54.0,3.0,172175.0,15.0,10.0,2.0,13.0,0.0,4.0,1.0,0.0,0.0,40.0,38.0
48.0,2.0,117310.0,11.0,9.0,2.0,0.0,5.0,4.0,0.0,0.0,0.0,20.0,38.0
41.0,2.0,103980.0,15.0,10.0,2.0,9.0,0.0,4.0,1.0,0.0,0.0,52.0,38.0
32.0,2.0,169512.0,9.0,13.0,2.0,11.0,0.0,2.0,1.0,0.0,0.0,60.0,38.0
53.0,2.0,197054.0,15.0,10.0,2.0,2.0,0.0,4.0,1.0,0.0,0.0,40.0,38.0
49.0,2.0,281647.0,9.0,13.0,2.0,11.0,0.0,4.0,1.0,0.0,0.0,45.0,38.0
38.0,5.0,321943.0,10.0,16.0,2.0,9.0,0.0,4.0,1.0,0.0,0.0,40.0,38.0
42.0,2.0,121264.0,8.0,11.0,2.0,9.0,0.0,4.0,1.0,0.0,0.0,40.0,38.0
34.0,5.0,204461.0,12.0,14.0,2.0,9.0,0.0,4.0,1.0,0.0,0.0,50.0,38.0
56.0,2.0,155449.0,9.0,13.0,2.0,9.0,0.0,4.0,1.0,0.0,0.0,50.0,38.0
70.0,3.0,379819.0,15.0,10.0,2.0,11.0,0.0,4.0,1.0,10566.0,0.0,40.0,38.0
48.0,1.0,85341.0,9.0,13.0,2.0,9.0,0.0,4.0,1.0,0.0,0.0,45.0,38.0
57.0,4.0,27385.0,15.0,10.0,2.0,3.0,0.0,4.0,1.0,0.0,0.0,48.0,38.0
44.0,2.0,107218.0,9.0,13.0,2.0,3.0,0.0,1.0,1.0,0.0,0.0,40.0,38.0
57.0,0.0,313929.0,15.0,10.0,2.0,9.0,0.0,0.0,1.0,0.0,0.0,40.0,38.0
54.0,2.0,68985.0,12.0,14.0,2.0,11.0,0.0,4.0,1.0,0.0,0.0,55.0,38.0
41.0,2.0,206948.0,9.0,13.0,2.0,11.0,0.0,4.0,1.0,0.0,0.0,40.0,38.0
37.0,2.0,124293.0,15.0,10.0,2.0,0.0,0.0,4.0,1.0,0.0,0.0,50.0,38.0
66.0,2.0,134130.0,9.0,13.0,6.0,7.0,1.0,4.0,1.0,0.0,0.0,12.0,38.0
42.0,2.0,332401.0,9.0,13.0,4.0,11.0,1.0,4.0,1.0,0.0,0.0,40.0,38.0
31.0,2.0,176711.0,11.0,9.0,4.0,2.0,1.0,4.0,1.0,0.0,0.0,40.0,38.0
51.0,4.0,290688.0,4.0,3.0,2.0,2.0,0.0,4.0,1.0,0.0,0.0,40.0,38.0
25.0,2.0,156334.0,0.0,6.0,2.0,6.0,0.0,4.0,1.0,0.0,0.0,40.0,38.0
41.0,1.0,133692.0,9.0,13.0,0.0,10.0,4.0,4.0,0.0,0.0,0.0,40.0,38.0
32.0,4.0,267161.0,9.0,13.0,0.0,3.0,4.0,2.0,0.0,0.0,0.0,30.0,38.0
30.0,2.0,323069.0,9.0,13.0,4.0,11.0,1.0,4.0,0.0,0.0,0.0,40.0,38.0
36.0,2.0,179666.0,2.0,8.0,2.0,2.0,0.0,3.0,1.0,0.0,0.0,40.0,38.0
34.0,2.0,272411.0,9.0,13.0,4.0,0.0,1.0,4.0,0.0,0.0,0.0,40.0,38.0
25.0,2.0,54298.0,11.0,9.0,2.0,11.0,0.0,4.0,1.0,0.0,0.0,30.0,38.0
51.0,2.0,312477.0,15.0,10.0,2.0,13.0,0.0,4.0,1.0,3908.0,0.0,40.0,38.0
40.0,2.0,235371.0,8.0,11.0,0.0,9.0,4.0,4.0,1.0,0.0,0.0,40.0,38.0
32.0,2.0,178449.0,11.0,9.0,4.0,2.0,1.0,4.0,1.0,0.0,0.0,50.0,38.0
33.0,2.0,557805.0,8.0,11.0,4.0,11.0,2.0,4.0,0.0,0.0,0.0,40.0,7.0
61.0,2.0,29797.0,11.0,9.0,0.0,11.0,2.0,4.0,0.0,0.0,0.0,40.0,38.0
37.0,2.0,434097.0,7.0,12.0,0.0,2.0,1.0,2.0,1.0,0.0,0.0,40.0,38.0
36.0,2.0,213008.0,11.0,9.0,0.0,4.0,1.0,4.0,1.0,0.0,0.0,40.0,38.0
47.0,4.0,173613.0,15.0,10.0,0.0,3.0,1.0,4.0,0.0,0.0,0.0,65.0,38.0
40.0,2.0,104397.0,11.0,9.0,2.0,11.0,3.0,4.0,0.0,0.0,0.0,30.0,38.0
30.0,2.0,293512.0,8.0,11.0,4.0,9.0,1.0,2.0,1.0,0.0,0.0,40.0,38.0
46.0,2.0,107425.0,11.0,9.0,0.0,11.0,1.0,4.0,0.0,0.0,0.0,40.0,38.0
42.0,2.0,198955.0,6.0,5.0,0.0,6.0,1.0,2.0,0.0,0.0,0.0,46.0,38.0
38.0,5.0,346766.0,11.0,9.0,0.0,0.0,4.0,4.0,0.0,0.0,0.0,40.0,38.0
34.0,5.0,112062.0,12.0,14.0,4.0,9.0,4.0,4.0,0.0,0.0,0.0,40.0,38.0
30.0,2.0,280069.0,15.0,10.0,4.0,11.0,1.0,4.0,0.0,0.0,0.0,48.0,38.0
39.0,2.0,52645.0,15.0,10.0,0.0,11.0,4.0,4.0,0.0,0.0,0.0,40.0,38.0
41.0,2.0,120277.0,11.0,9.0,0.0,6.0,1.0,4.0,1.0,0.0,0.0,40.0,38.0
25.0,2.0,137301.0,7.0,12.0,4.0,9.0,3.0,4.0,0.0,0.0,0.0,40.0,38.0
42.0,2.0,231813.0,1.0,7.0,2.0,13.0,0.0,4.0,1.0,0.0,0.0,40.0,38.0
28.0,2.0,351731.0,11.0,9.0,0.0,2.0,4.0,4.0,1.0,0.0,0.0,50.0,38.0
42.0,4.0,39539.0,11.0,9.0,2.0,4.0,0.0,4.0,1.0,0.0,0.0,99.0,38.0
44.0,2.0,222703.0,5.0,4.0,2.0,6.0,0.0,3.0,1.0,0.0,0.0,40.0,26.0
28.0,4.0,214689.0,1.0,7.0,4.0,2.0,1.0,4.0,1.0,0.0,0.0,40.0,38.0
43.0,1.0,413760.0,15.0,10.0,5.0,2.0,1.0,2.0,1.0,0.0,0.0,40.0,38.0
46.0,4.0,24367.0,0.0,6.0,2.0,4.0,0.0,4.0,1.0,0.0,0.0,99.0,38.0
30.0,2.0,288419.0,4.0,3.0,2.0,2.0,0.0,4.0,1.0,0.0,0.0,40.0,25.0
45.0,2.0,234699.0,11.0,9.0,3.0,7.0,4.0,2.0,0.0,0.0,0.0,60.0,38.0
53.0,2.0,200576.0,1.0,7.0,0.0,2.0,2.0,4.0,0.0,0.0,0.0,40.0,38.0
28.0,2.0,183597.0,10.0,16.0,4.0,9.0,1.0,4.0,1.0,594.0,0.0,50.0,10.0
51.0,0.0,321494.0,11.0,9.0,4.0,7.0,1.0,4.0,1.0,0.0,0.0,40.0,38.0
33.0,4.0,67482.0,8.0,11.0,0.0,7.0,4.0,4.0,0.0,0.0,0.0,99.0,38.0
61.0,2.0,29059.0,11.0,9.0,0.0,11.0,4.0,4.0,0.0,0.0,2754.0,25.0,38.0
50.0,1.0,308764.0,11.0,9.0,6.0,13.0,4.0,4.0,0.0,0.0,0.0,40.0,38.0
24.0,2.0,183751.0,1.0,7.0,2.0,2.0,0.0,4.0,1.0,0.0,0.0,65.0,38.0
57.0,2.0,308861.0,15.0,10.0,5.0,11.0,1.0,4.0,0.0,0.0,0.0,40.0,38.0
31.0,1.0,219883.0,11.0,9.0,4.0,10.0,1.0,2.0,1.0,0.0,0.0,40.0,38.0
65.0,2.0,212562.0,1.0,7.0,2.0,5.0,0.0,4.0,1.0,0.0,0.0,20.0,38.0
46.0,2.0,35136.0,0.0,6.0,0.0,0.0,3.0,2.0,1.0,0.0,0.0,40.0,38.0
36.0,2.0,185203.0,11.0,9.0,4.0,11.0,1.0,4.0,0.0,0.0,0.0,40.0,38.0
24.0,1.0,234108.0,15.0,10.0,4.0,10.0,1.0,4.0,1.0,0.0,0.0,40.0,38.0
39.0,2.0,56648.0,11.0,9.0,5.0,11.0,1.0,4.0,0.0,0.0,0.0,47.0,38.0
30.0,2.0,55481.0,12.0,14.0,4.0,12.0,4.0,4.0,1.0,0.0,0.0,45.0,26.0
35.0,2.0,239755.0,15.0,10.0,4.0,11.0,4.0,4.0,1.0,0.0,0.0,50.0,38.0
30.0,2.0,160784.0,15.0,10.0,4.0,11.0,1.0,4.0,1.0,0.0,0.0,45.0,38.0
37.0,2.0,213726.0,11.0,9.0,0.0,6.0,1.0,1.0,0.0,0.0,0.0,40.0,29.0
28.0,2.0,288598.0,11.0,9.0,2.0,2.0,0.0,4.0,1.0,0.0,0.0,35.0,38.0
35.0,2.0,162302.0,15.0,10.0,4.0,12.0,3.0,4.0,0.0,0.0,0.0,32.0,38.0
44.0,0.0,210492.0,15.0,10.0,0.0,0.0,4.0,2.0,1.0,0.0,0.0,40.0,38.0
31.0,2.0,220915.0,8.0,11.0,5.0,2.0,1.0,4.0,1.0,0.0,0.0,40.0,38.0
39.0,2.0,151248.0,15.0,10.0,0.0,11.0,2.0,4.0,0.0,0.0,0.0,35.0,38.0
46.0,2.0,125492.0,9.0,13.0,0.0,9.0,1.0,2.0,0.0,0.0,0.0,40.0,38.0
30.0,5.0,158291.0,9.0,13.0,4.0,0.0,1.0,4.0,1.0,0.0,0.0,40.0,38.0
53.0,5.0,105728.0,11.0,9.0,2.0,7.0,5.0,0.0,0.0,0.0,0.0,28.0,38.0
52.0,2.0,113094.0,9.0,13.0,5.0,0.0,4.0,4.0,0.0,0.0,1092.0,40.0,38.0
32.0,4.0,168782.0,6.0,5.0,2.0,2.0,0.0,4.0,1.0,0.0,0.0,32.0,38.0
29.0,0.0,440647.0,15.0,10.0,4.0,0.0,2.0,4.0,1.0,0.0,0.0,40.0,38.0
43.0,2.0,245975.0,6.0,5.0,2.0,0.0,0.0,4.0,1.0,0.0,0.0,84.0,38.0
51.0,2.0,229225.0,12.0,14.0,0.0,7.0,1.0,2.0,0.0,0.0,0.0,18.0,38.0
25.0,2.0,80312.0,8.0,11.0,4.0,0.0,1.0,4.0,0.0,4865.0,0.0,40.0,38.0
37.0,2.0,201319.0,15.0,10.0,5.0,7.0,4.0,4.0,0.0,0.0,0.0,40.0,38.0
55.0,1.0,193895.0,11.0,9.0,0.0,0.0,4.0,4.0,0.0,0.0,0.0,38.0,38.0
42.0,2.0,149546.0,15.0,10.0,0.0,2.0,4.0,4.0,1.0,0.0,0.0,30.0,38.0
28.0,2.0,31801.0,11.0,9.0,4.0,5.0,2.0,4.0,1.0,0.0,0.0,60.0,38.0
21.0,2.0,83704.0,2.0,8.0,2.0,2.0,0.0,4.0,1.0,0.0,0.0,40.0,38.0
49.0,2.0,177543.0,11.0,9.0,5.0,0.0,4.0,4.0,0.0,0.0,0.0,35.0,38.0
35.0,4.0,22641.0,11.0,9.0,2.0,13.0,0.0,0.0,1.0,0.0,0.0,40.0,38.0
27.0,2.0,94090.0,15.0,10.0,2.0,6.0,0.0,4.0,1.0,0.0,0.0,50.0,38.0
36.0,2.0,70282.0,15.0,10.0,0.0,0.0,4.0,2.0,0.0,0.0,0.0,40.0,38.0
29.0,2.0,35032.0,15.0,10.0,2.0,5.0,0.0,4.0,1.0,0.0,0.0,60.0,38.0
27.0,2.0,587310.0,7.0,12.0,2.0,13.0,3.0,4.0,1.0,0.0,0.0,40.0,7.0
41.0,2.0,125461.0,15.0,10.0,0.0,2.0,1.0,4.0,1.0,0.0,0.0,40.0,38.0
45.0,2.0,260543.0,12.0,14.0,6.0,6.0,2.0,1.0,0.0,0.0,0.0,40.0,2.0
47.0,2.0,176239.0,15.0,10.0,6.0,9.0,4.0,4.0,0.0,0.0,0.0,40.0,38.0
78.0,3.0,212660.0,1.0,7.0,2.0,3.0,0.0,4.0,1.0,0.0,0.0,10.0,38.0
34.0,2.0,314375.0,8.0,11.0,0.0,2.0,1.0,4.0,1.0,0.0,0.0,40.0,38.0
42.0,2.0,173590.0,15.0,10.0,2.0,0.0,0.0,4.0,1.0,0.0,1628.0,40.0,38.0
38.0,2.0,193945.0,11.0,9.0,4.0,13.0,1.0,4.0,1.0,0.0,0.0,40.0,38.0
29.0,2.0,211299.0,8.0,11.0,4.0,11.0,1.0,2.0,1.0,0.0,0.0,45.0,38.0
67.0,2.0,221281.0,11.0,9.0,0.0,0.0,1.0,4.0,0.0,0.0,0.0,15.0,38.0
45.0,2.0,140664.0,7.0,12.0,0.0,13.0,1.0,4.0,1.0,0.0,0.0,55.0,38.0
31.0,2.0,197023.0,8.0,11.0,2.0,6.0,0.0,0.0,1.0,0.0,0.0,40.0,38.0
26.0,0.0,56419.0,14.0,15.0,4.0,9.0,1.0,1.0,0.0,0.0,0.0,20.0,34.0
31.0,2.0,53042.0,15.0,10.0,2.0,6.0,0.0,2.0,1.0,0.0,0.0,40.0,37.0
49.0,2.0,200471.0,1.0,7.0,4.0,7.0,1.0,4.0,1.0,0.0,0.0,60.0,38.0
43.0,1.0,260696.0,9.0,13.0,0.0,9.0,4.0,4.0,0.0,0.0,0.0,55.0,38.0
47.0,2.0,200471.0,8.0,11.0,2.0,0.0,0.0,4.0,1.0,4064.0,0.0,40.0,38.0
33.0,2.0,25610.0,7.0,12.0,2.0,11.0,0.0,3.0,1.0,0.0,0.0,40.0,23.0
48.0,2.0,45564.0,8.0,11.0,0.0,9.0,1.0,4.0,1.0,4650.0,0.0,50.0,38.0
30.0,5.0,714597.0,15.0,10.0,4.0,10.0,1.0,2.0,1.0,0.0,0.0,45.0,38.0
64.0,1.0,198728.0,15.0,10.0,4.0,13.0,4.0,4.0,1.0,0.0,0.0,40.0,38.0
36.0,2.0,241126.0,15.0,10.0,0.0,12.0,4.0,4.0,1.0,0.0,0.0,40.0,38.0
61.0,2.0,110920.0,0.0,6.0,2.0,11.0,0.0,4.0,1.0,0.0,0.0,40.0,38.0
56.0,5.0,93415.0,11.0,9.0,6.0,0.0,4.0,1.0,0.0,0.0,0.0,40.0,38.0
49.0,2.0,36032.0,15.0,10.0,4.0,3.0,1.0,2.0,0.0,0.0,0.0,40.0,38.0
24.0,2.0,222853.0,15.0,10.0,4.0,2.0,4.0,4.0,1.0,0.0,0.0,50.0,38.0
26.0,2.0,60722.0,9.0,13.0,4.0,9.0,3.0,1.0,0.0,0.0,0.0,40.0,38.0
35.0,2.0,48915.0,9.0,13.0,4.0,0.0,1.0,4.0,1.0,0.0,0.0,40.0,38.0
64.0,2.0,186731.0,11.0,9.0,6.0,0.0,4.0,4.0,0.0,0.0,0.0,40.0,38.0
64.0,2.0,271559.0,11.0,9.0,2.0,6.0,5.0,4.0,0.0,0.0,0.0,30.0,3.0
40.0,2.0,151365.0,11.0,9.0,0.0,2.0,1.0,4.0,0.0,0.0,0.0,40.0,38.0
43.0,0.0,421871.0,9.0,13.0,4.0,0.0,1.0,2.0,1.0,6849.0,0.0,50.0,38.0
23.0,2.0,42401.0,9.0,13.0,4.0,3.0,1.0,4.0,1.0,0.0,0.0,50.0,38.0
47.0,2.0,125892.0,11.0,9.0,0.0,5.0,1.0,4.0,1.0,0.0,0.0,40.0,38.0
47.0,2.0,146497.0,15.0,10.0,5.0,0.0,4.0,4.0,0.0,0.0,0.0,16.0,10.0
27.0,2.0,35032.0,15.0,10.0,2.0,5.0,0.0,4.0,1.0,0.0,0.0,40.0,38.0
41.0,2.0,277192.0,4.0,3.0,2.0,4.0,5.0,4.0,0.0,0.0,0.0,40.0,25.0
31.0,2.0,348491.0,9.0,13.0,4.0,3.0,1.0,2.0,0.0,0.0,0.0,40.0,38.0
67.0,5.0,132819.0,15.0,10.0,2.0,10.0,0.0,4.0,1.0,0.0,0.0,41.0,38.0
25.0,2.0,195201.0,11.0,9.0,2.0,11.0,0.0,3.0,1.0,0.0,0.0,50.0,38.0
40.0,2.0,43711.0,11.0,9.0,4.0,6.0,1.0,4.0,1.0,0.0,0.0,45.0,38.0
28.0,2.0,239130.0,15.0,10.0,4.0,3.0,1.0,4.0,1.0,0.0,0.0,50.0,38.0
70.0,2.0,176940.0,15.0,10.0,4.0,0.0,1.0,4.0,0.0,0.0,0.0,16.0,38.0
44.0,2.0,185602.0,8.0,11.0,0.0,3.0,4.0,4.0,0.0,0.0,0.0,40.0,38.0
32.0,0.0,72338.0,8.0,11.0,4.0,9.0,2.0,1.0,1.0,0.0,0.0,40.0,38.0
39.0,2.0,393480.0,11.0,9.0,5.0,5.0,1.0,2.0,1.0,0.0,0.0,40.0,38.0
51.0,2.0,45599.0,11.0,9.0,0.0,9.0,1.0,4.0,1.0,0.0,0.0,40.0,38.0
38.0,2.0,223433.0,11.0,9.0,4.0,6.0,1.0,4.0,1.0,0.0,0.0,40.0,38.0
40.0,2.0,95639.0,11.0,9.0,4.0,2.0,1.0,0.0,1.0,0.0,0.0,40.0,38.0
33.0,2.0,107142.0,2.0,8.0,4.0,2.0,4.0,4.0,1.0,0.0,0.0,40.0,38.0
41.0,5.0,26892.0,9.0,13.0,4.0,0.0,1.0,4.0,1.0,0.0,0.0,40.0,38.0
55.0,2.0,179534.0,1.0,7.0,6.0,5.0,4.0,4.0,0.0,0.0,0.0,40.0,38.0
24.0,2.0,214399.0,9.0,13.0,4.0,9.0,3.0,4.0,0.0,0.0,0.0,55.0,38.0
26.0,2.0,104045.0,9.0,13.0,4.0,3.0,1.0,4.0,0.0,0.0,0.0,40.0,38.0
55.0,2.0,240988.0,6.0,5.0,2.0,6.0,2.0,1.0,1.0,0.0,0.0,40.0,29.0
30.0,2.0,100734.0,9.0,13.0,4.0,12.0,1.0,4.0,0.0,0.0,0.0,40.0,38.0
60.0,3.0,96660.0,11.0,9.0,2.0,0.0,5.0,4.0,0.0,0.0,0.0,8.0,38.0
76.0,2.0,201240.0,11.0,9.0,4.0,0.0,2.0,4.0,0.0,0.0,0.0,40.0,38.0
56.0,2.0,135458.0,11.0,9.0,0.0,12.0,1.0,2.0,0.0,0.0,0.0,40.0,38.0
33.0,2.0,179758.0,11.0,9.0,2.0,11.0,5.0,4.0,0.0,0.0,0.0,20.0,38.0
25.0,2.0,47353.0,0.0,6.0,2.0,7.0,5.0,4.0,0.0,0.0,0.0,40.0,38.0
34.0,2.0,27153.0,11.0,9.0,2.0,13.0,0.0,4.0,1.0,0.0,0.0,40.0,38.0
60.0,2.0,290922.0,11.0,9.0,0.0,3.0,1.0,4.0,0.0,0.0,0.0,27.0,38.0
44.0,2.0,159580.0,2.0,8.0,0.0,13.0,1.0,4.0,0.0,0.0,0.0,40.0,38.0
29.0,5.0,183285.0,15.0,10.0,4.0,10.0,1.0,4.0,1.0,0.0,0.0,36.0,38.0
35.0,2.0,164193.0,15.0,10.0,4.0,13.0,1.0,4.0,1.0,0.0,0.0,40.0,38.0
50.0,2.0,200046.0,12.0,14.0,2.0,3.0,0.0,4.0,1.0,0.0,0.0,50.0,38.0
28.0,2.0,145242.0,9.0,13.0,2.0,9.0,5.0,4.0,0.0,4386.0,0.0,20.0,38.0
67.0,4.0,148690.0,12.0,14.0,6.0,9.0,1.0,4.0,1.0,18481.0,0.0,2.0,38.0
50.0,4.0,42402.0,14.0,15.0,2.0,9.0,0.0,4.0,1.0,0.0,2415.0,30.0,38.0
40.0,2.0,198692.0,15.0,10.0,2.0,0.0,0.0,4.0,1.0,5178.0,0.0,60.0,38.0
34.0,2.0,34862.0,9.0,13.0,0.0,11.0,1.0,0.0,1.0,0.0,1564.0,60.0,38.0
32.0,2.0,95885.0,1.0,7.0,4.0,2.0,1.0,0.0,1.0,13550.0,0.0,60.0,38.0
45.0,2.0,382532.0,10.0,16.0,2.0,9.0,0.0,4.0,1.0,0.0,0.0,50.0,38.0
43.0,2.0,176138.0,9.0,13.0,2.0,3.0,0.0,4.0,1.0,0.0,0.0,50.0,38.0
42.0,2.0,435356.0,7.0,12.0,2.0,3.0,0.0,4.0,1.0,0.0,0.0,44.0,38.0
50.0,2.0,44942.0,11.0,9.0,2.0,6.0,0.0,4.0,1.0,0.0,1848.0,48.0,38.0
46.0,1.0,93557.0,9.0,13.0,2.0,9.0,0.0,4.0,1.0,3103.0,0.0,50.0,38.0
35.0,3.0,237713.0,14.0,15.0,2.0,9.0,0.0,4.0,1.0,0.0,0.0,50.0,38.0
39.0,2.0,128715.0,11.0,9.0,0.0,0.0,1.0,4.0,1.0,10520.0,0.0,40.0,38.0
53.0,0.0,164195.0,15.0,10.0,2.0,12.0,0.0,4.0,1.0,4386.0,0.0,40.0,38.0
41.0,3.0,94113.0,12.0,14.0,2.0,3.0,0.0,4.0,1.0,0.0,0.0,60.0,38.0
42.0,2.0,602513.0,9.0,13.0,2.0,9.0,0.0,4.0,1.0,0.0,0.0,45.0,38.0
51.0,2.0,96062.0,15.0,10.0,2.0,11.0,0.0,4.0,1.0,0.0,1977.0,40.0,38.0
47.0,2.0,114459.0,10.0,16.0,2.0,9.0,0.0,4.0,1.0,0.0,0.0,50.0,38.0
51.0,5.0,172962.0,10.0,16.0,2.0,9.0,0.0,4.0,1.0,0.0,0.0,40.0,38.0
47.0,2.0,355320.0,9.0,13.0,2.0,9.0,0.0,4.0,1.0,15024.0,0.0,40.0,38.0
61.0,1.0,144723.0,12.0,14.0,2.0,3.0,0.0,4.0,1.0,7298.0,0.0,60.0,38.0
55.0,5.0,296991.0,14.0,15.0,2.0,9.0,0.0,4.0,1.0,15024.0,0.0,40.0,38.0
50.0,4.0,118058.0,9.0,13.0,2.0,3.0,0.0,4.0,1.0,15024.0,0.0,55.0,38.0
47.0,2.0,155664.0,12.0,14.0,2.0,3.0,0.0,4.0,1.0,99999.0,0.0,55.0,38.0
57.0,3.0,161662.0,9.0,13.0,2.0,3.0,0.0,4.0,1.0,7688.0,0.0,60.0,38.0
34.0,5.0,34104.0,12.0,14.0,2.0,9.0,0.0,4.0,1.0,7688.0,0.0,38.0,38.0
38.0,2.0,43712.0,9.0,13.0,2.0,9.0,0.0,4.0,1.0,7298.0,0.0,60.0,38.0
30.0,2.0,298871.0,12.0,14.0,2.0,9.0,0.0,1.0,1.0,0.0,1887.0,45.0,19.0
50.0,2.0,150999.0,12.0,14.0,2.0,9.0,0.0,4.0,1.0,0.0,1977.0,40.0,38.0
45.0,2.0,178319.0,10.0,16.0,2.0,9.0,0.0,4.0,1.0,7688.0,0.0,50.0,38.0
41.0,2.0,94113.0,11.0,9.0,2.0,2.0,0.0,4.0,1.0,99999.0,0.0,60.0,38.0
49.0,3.0,362795.0,12.0,14.0,0.0,9.0,4.0,4.0,1.0,99999.0,0.0,80.0,25.0
57.0,1.0,110417.0,11.0,9.0,2.0,2.0,0.0,4.0,1.0,99999.0,0.0,40.0,38.0
39.0,2.0,77146.0,9.0,13.0,2.0,3.0,0.0,4.0,1.0,0.0,1887.0,50.0,38.0
36.0,2.0,178815.0,9.0,13.0,4.0,3.0,1.0,4.0,1.0,8614.0,0.0,40.0,38.0
42.0,2.0,32016.0,8.0,11.0,2.0,12.0,0.0,4.0,1.0,7298.0,0.0,40.0,38.0
49.0,3.0,191277.0,15.0,10.0,2.0,3.0,0.0,4.0,1.0,15024.0,0.0,50.0,38.0
52.0,0.0,291096.0,7.0,12.0,2.0,7.0,0.0,4.0,1.0,7298.0,0.0,40.0,38.0
32.0,2.0,295589.0,12.0,14.0,2.0,3.0,0.0,2.0,1.0,0.0,1977.0,40.0,38.0
42.0,3.0,277256.0,10.0,16.0,2.0,9.0,0.0,4.0,1.0,0.0,1977.0,60.0,38.0
67.0,2.0,195161.0,12.0,14.0,2.0,9.0,0.0,4.0,1.0,20051.0,0.0,60.0,38.0
19.0,2.0,210509.0,15.0,10.0,4.0,0.0,3.0,4.0,0.0,0.0,0.0,30.0,38.0
28.0,0.0,72514.0,15.0,10.0,4.0,0.0,1.0,2.0,0.0,0.0,0.0,72.0,38.0
46.0,1.0,141058.0,11.0,9.0,2.0,3.0,0.0,4.0,1.0,0.0,0.0,65.0,38.0
